Workbook

Sheet 01_BoQ
A1: Item_ID | B1: Work_Package | C1: Category | D1: Budget_GBP
A2: 1 | B2: Site Preparation | C2: Groundworks | D2: 250000
A3: 2 | B3: Excavation | C3: Groundworks | D3: 400000
A4: 3 | B4: Foundations | C4: Structure | D4: 850000
A5: 4 | B5: Concrete Frame | C5: Structure | D5: 1600000
A6: 5 | B6: Structural Steel | C6: Structure | D6: 1200000
A7: 6 | B7: Roof Works | C7: Envelope | D7: 550000
A8: 7 | B8: Curtain Wall / Cladding | C8: Envelope | D8: 900000
A9: 8 | B9: Electrical Installation | C9: MEP | D9: 950000
A10: 9 | B10: Mechanical / HVAC | C10: MEP | D10: 1100000
A11: 10 | B11: Plumbing & Drainage | C11: MEP | D11: 500000
A12: 11 | B12: Internal Finishes | C12: Finishes | D12: 800000
A13: 12 | B13: External Works & Landscaping | C13: External | D13: 400000

Sheet 02_Monthly_Costs
A1: Month | B1: Category | C1: Actual_Cost_GBP
A2: 2025-01 | B2: Groundworks | C2: 180000
A3: 2025-02 | B3: Groundworks | C3: 260000
A4: 2025-03 | B4: Groundworks | C4: 210000
A5: 2025-03 | B5: Structure | C5: 300000
A6: 2025-04 | B6: Structure | C6: 520000
A7: 2025-05 | B7: Structure | C7: 610000
A8: 2025-06 | B8: Structure | C8: 700000
A9: 2025-06 | B9: Envelope | C9: 180000
A10: 2025-07 | B10: Envelope | C10: 260000
A11: 2025-07 | B11: MEP | C11: 220000
A12: 2025-08 | B12: Envelope | C12: 240000
A13: 2025-08 | B13: MEP | C13: 340000
... A21: 2025-12 | B21: External | C21: 160000

Sheet 02B_Monthly_Summary
A1: Month | B1: Monthly_Total_GBP | C1: Cumulative_AC_GBP
A2: 2025-01 | B2: =SUMIFS('02_Monthly_Costs'!C:C, '02_Monthly_Costs'!A:A, A2) -> 180000 | C2: =B2 -> 180000
A3: 2025-02 | B3: =SUMIFS('02_Monthly_Costs'!C:C, '02_Monthly_Costs'!A:A, A3) -> 260000 | C3: =C2+Table6[[#This Row],[Monthly_Total_GBP]] -> 440000
A4: 2025-03 | B4: =SUMIFS('02_Monthly_Costs'!C:C, '02_Monthly_Costs'!A:A, A4) -> 510000 | C4: =C3+Table6[[#This Row],[Monthly_Total_GBP]] -> 950000
A5: 2025-04 | B5: =SUMIFS('02_Monthly_Costs'!C:C, '02_Monthly_Costs'!A:A, A5) -> 520000 | C5: =C4+Table6[[#This Row],[Monthly_Total_GBP]] -> 1470000
A6: 2025-05 | B6: =SUMIFS('02_Monthly_Costs'!C:C, '02_Monthly_Costs'!A:A, A6) -> 610000 | C6: =C5+Table6[[#This Row],[Monthly_Total_GBP]] -> 2080000
A7: 2025-06 | B7: =SUMIFS('02_Monthly_Costs'!C:C, '02_Monthly_Costs'!A:A, A7) -> 880000 | C7: =C6+Table6[[#This Row],[Monthly_Total_GBP]] -> 2960000
A8: 2025-07 | B8: =SUMIFS('02_Monthly_Costs'!C:C, '02_Monthly_Costs'!A:A, A8) -> 480000 | C8: =C7+Table6[[#This Row],[Monthly_Total_GBP]] -> 3440000
A9: 2025-08 | B9: =SUMIFS('02_Monthly_Costs'!C:C, '02_Monthly_Costs'!A:A, A9) -> 580000 | C9: =C8+Table6[[#This Row],[Monthly_Total_GBP]] -> 4020000
A10: 2025-09 | B10: =SUMIFS('02_Monthly_Costs'!C:C, '02_Monthly_Costs'!A:A, A10) -> 570000 | C10: =C9+Table6[[#This Row],[Monthly_Total_GBP]] -> 4590000
A11: 2025-10 | B11: =SUMIFS('02_Monthly_Costs'!C:C, '02_Monthly_Costs'!A:A, A11) -> 600000 | C11: =C10+Table6[[#This Row],[Monthly_Total_GBP]] -> 5190000
A12: 2025-11 | B12: =SUMIFS('02_Monthly_Costs'!C:C, '02_Monthly_Costs'!A:A, A12) -> 380000 | C12: =C11+Table6[[#This Row],[Monthly_Total_GBP]] -> 5570000
A13: 2025-12 | B13: =SUMIFS('02_Monthly_Costs'!C:C, '02_Monthly_Costs'!A:A, A13) -> 340000 | C13: =C12+Table6[[#This Row],[Monthly_Total_GBP]] -> 5910000

Sheet 03_Progress
A1: Month | B1: Planned_Progress_Pct | C1: Actual_Progress_Pct
A2: 2025-01 | B2: 3 | C2: 2
A3: 2025-02 | B3: 8 | C3: 6
A4: 2025-03 | B4: 15 | C4: 12
A5: 2025-04 | B5: 24 | C5: 20
A6: 2025-05 | B6: 34 | C6: 29
A7: 2025-06 | B7: 45 | C7: 40
A8: 2025-07 | B8: 57 | C8: 51
A9: 2025-08 | B9: 68 | C9: 61
A10: 2025-09 | B10: 78 | C10: 71
A11: 2025-10 | B11: 87 | C11: 81
A12: 2025-11 | B12: 95 | C12: 90
A13: 2025-12 | B13: 100 | C13: 96

Sheet 04_Project_Info
A1: Field | B1: Value
A2: Project_Name | B2: City Office Block Development
A3: Project_Budget_GBP | B3: 9500000
A4: Start_Month | B4: 2025-01
A5: End_Month | B5: 2025-12
A6: Duration_Months | B6: 12

Sheet 05_EVM
A1: Month | B1: Planned_Progress_Pct | C1: Actual_Progress_Pct | D1: PV_GBP | E1: EV_GBP | F1: AC_GBP | G1: CV_GBP | H1: SV_GBP | I1: CPI | J1: SPI
A2: 2025-01 | B2: ='03_Progress'!B2*0.01 -> 0.03 | C2: ='03_Progress'!C2*0.01 -> 0.02 | D2: ='04_Project_Info'!$B$3*EVM_Table[[#This Row],[Planned_Progress_Pct]] -> 285000 | E2: ='04_Project_Info'!$B$3*EVM_Table[[#This Row],[Actual_Progress_Pct]] -> 190000 | F2: ='02B_Monthly_Summary'!C2 -> 180000 | G2: =EVM_Table[[#This Row],[EV_GBP]]-EVM_Table[[#This Row],[AC_GBP]] -> 10000 | H2: =EVM_Table[[#This Row],[EV_GBP]]-EVM_Table[[#This Row],[PV_GBP]] -> -95000 | I2: =EVM_Table[[#This Row],[EV_GBP]]/EVM_Table[[#This Row],[AC_GBP]] -> 1.0555556 | J2: =EVM_Table[[#This Row],[EV_GBP]]/EVM_Table[[#This Row],[PV_GBP]] -> 0.66666667
A3: 2025-02 | B3: ='03_Progress'!B3*0.01 -> 0.08 | C3: ='03_Progress'!C3*0.01 -> 0.06 | D3: ='04_Project_Info'!$B$3*EVM_Table[[#This Row],[Planned_Progress_Pct]] -> 760000 | E3: ='04_Project_Info'!$B$3*EVM_Table[[#This Row],[Actual_Progress_Pct]] -> 570000 | F3: ='02B_Monthly_Summary'!C3 -> 440000 | G3: =EVM_Table[[#This Row],[EV_GBP]]-EVM_Table[[#This Row],[AC_GBP]] -> 130000 | H3: =EVM_Table[[#This Row],[EV_GBP]]-EVM_Table[[#This Row],[PV_GBP]] -> -190000 | I3: =EVM_Table[[#This Row],[EV_GBP]]/EVM_Table[[#This Row],[AC_GBP]] -> 1.2954545 | J3: =EVM_Table[[#This Row],[EV_GBP]]/EVM_Table[[#This Row],[PV_GBP]] -> 0.75
A4: 2025-03 | B4: ='03_Progress'!B4*0.01 -> 0.15 | C4: ='03_Progress'!C4*0.01 -> 0.12 | D4: ='04_Project_Info'!$B$3*EVM_Table[[#This Row],[Planned_Progress_Pct]] -> 1425000 | E4: ='04_Project_Info'!$B$3*EVM_Table[[#This Row],[Actual_Progress_Pct]] -> 1140000 | F4: ='02B_Monthly_Summary'!C4 -> 950000 | G4: =EVM_Table[[#This Row],[EV_GBP]]-EVM_Table[[#This Row],[AC_GBP]] -> 190000 | H4: =EVM_Table[[#This Row],[EV_GBP]]-EVM_Table[[#This Row],[PV_GBP]] -> -285000 | I4: =EVM_Table[[#This Row],[EV_GBP]]/EVM_Table[[#This Row],[AC_GBP]] -> 1.2 | J4: =EVM_Table[[#This Row],[EV_GBP]]/EVM_Table[[#This Row],[PV_GBP]] -> 0.8
A5: 2025-04 | B5: ='03_Progress'!B5*0.01 -> 0.24 | C5: ='03_Progress'!C5*0.01 -> 0.2 | D5: ='04_Project_Info'!$B$3*EVM_Table[[#This Row],[Planned_Progress_Pct]] -> 2280000 | E5: ='04_Project_Info'!$B$3*EVM_Table[[#This Row],[Actual_Progress_Pct]] -> 1900000 | F5: ='02B_Monthly_Summary'!C5 -> 1470000 | G5: =EVM_Table[[#This Row],[EV_GBP]]-EVM_Table[[#This Row],[AC_GBP]] -> 430000 | H5: =EVM_Table[[#This Row],[EV_GBP]]-EVM_Table[[#This Row],[PV_GBP]] -> -380000 | I5: =EVM_Table[[#This Row],[EV_GBP]]/EVM_Table[[#This Row],[AC_GBP]] -> 1.292517 | J5: =EVM_Table[[#This Row],[EV_GBP]]/EVM_Table[[#This Row],[PV_GBP]] -> 0.83333333
A6: 2025-05 | B6: ='03_Progress'!B6*0.01 -> 0.34 | C6: ='03_Progress'!C6*0.01 -> 0.29 | D6: ='04_Project_Info'!$B$3*EVM_Table[[#This Row],[Planned_Progress_Pct]] -> 3230000 | E6: ='04_Project_Info'!$B$3*EVM_Table[[#This Row],[Actual_Progress_Pct]] -> 2755000 | F6: ='02B_Monthly_Summary'!C6 -> 2080000 | G6: =EVM_Table[[#This Row],[EV_GBP]]-EVM_Table[[#This Row],[AC_GBP]] -> 675000 | H6: =EVM_Table[[#This Row],[EV_GBP]]-EVM_Table[[#This Row],[PV_GBP]] -> -475000 | I6: =EVM_Table[[#This Row],[EV_GBP]]/EVM_Table[[#This Row],[AC_GBP]] -> 1.3245192 | J6: =EVM_Table[[#This Row],[EV_GBP]]/EVM_Table[[#This Row],[PV_GBP]] -> 0.85294118
A7: 2025-06 | B7: ='03_Progress'!B7*0.01 -> 0.45 | C7: ='03_Progress'!C7*0.01 -> 0.4 | D7: ='04_Project_Info'!$B$3*EVM_Table[[#This Row],[Planned_Progress_Pct]] -> 4275000 | E7: ='04_Project_Info'!$B$3*EVM_Table[[#This Row],[Actual_Progress_Pct]] -> 3800000 | F7: ='02B_Monthly_Summary'!C7 -> 2960000 | G7: =EVM_Table[[#This Row],[EV_GBP]]-EVM_Table[[#This Row],[AC_GBP]] -> 840000 | H7: =EVM_Table[[#This Row],[EV_GBP]]-EVM_Table[[#This Row],[PV_GBP]] -> -475000 | I7: =EVM_Table[[#This Row],[EV_GBP]]/EVM_Table[[#This Row],[AC_GBP]] -> 1.2837838 | J7: =EVM_Table[[#This Row],[EV_GBP]]/EVM_Table[[#This Row],[PV_GBP]] -> 0.88888889
A8: 2025-07 | B8: ='03_Progress'!B8*0.01 -> 0.57 | C8: ='03_Progress'!C8*0.01 -> 0.51 | D8: ='04_Project_Info'!$B$3*EVM_Table[[#This Row],[Planned_Progress_Pct]] -> 5415000 | E8: ='04_Project_Info'!$B$3*EVM_Table[[#This Row],[Actual_Progress_Pct]] -> 4845000 | F8: ='02B_Monthly_Summary'!C8 -> 3440000 | G8: =EVM_Table[[#This Row],[EV_GBP]]-EVM_Table[[#This Row],[AC_GBP]] -> 1405000 | H8: =EVM_Table[[#This Row],[EV_GBP]]-EVM_Table[[#This Row],[PV_GBP]] -> -570000 | I8: =EVM_Table[[#This Row],[EV_GBP]]/EVM_Table[[#This Row],[AC_GBP]] -> 1.4084302 | J8: =EVM_Table[[#This Row],[EV_GBP]]/EVM_Table[[#This Row],[PV_GBP]] -> 0.89473684
A9: 2025-08 | B9: ='03_Progress'!B9*0.01 -> 0.68 | C9: ='03_Progress'!C9*0.01 -> 0.61 | D9: ='04_Project_Info'!$B$3*EVM_Table[[#This Row],[Planned_Progress_Pct]] -> 6460000 | E9: ='04_Project_Info'!$B$3*EVM_Table[[#This Row],[Actual_Progress_Pct]] -> 5795000 | F9: ='02B_Monthly_Summary'!C9 -> 4020000 | G9: =EVM_Table[[#This Row],[EV_GBP]]-EVM_Table[[#This Row],[AC_GBP]] -> 1775000 | H9: =EVM_Table[[#This Row],[EV_GBP]]-EVM_Table[[#This Row],[PV_GBP]] -> -665000 | I9: =EVM_Table[[#This Row],[EV_GBP]]/EVM_Table[[#This Row],[AC_GBP]] -> 1.4415423 | J9: =EVM_Table[[#This Row],[EV_GBP]]/EVM_Table[[#This Row],[PV_GBP]] -> 0.89705882
A10: 2025-09 | B10: ='03_Progress'!B10*0.01 -> 0.78 | C10: ='03_Progress'!C10*0.01 -> 0.71 | D10: ='04_Project_Info'!$B$3*EVM_Table[[#This Row],[Planned_Progress_Pct]] -> 7410000 | E10: ='04_Project_Info'!$B$3*EVM_Table[[#This Row],[Actual_Progress_Pct]] -> 6745000 | F10: ='02B_Monthly_Summary'!C10 -> 4590000 | G10: =EVM_Table[[#This Row],[EV_GBP]]-EVM_Table[[#This Row],[AC_GBP]] -> 2155000 | H10: =EVM_Table[[#This Row],[EV_GBP]]-EVM_Table[[#This Row],[PV_GBP]] -> -665000 | I10: =EVM_Table[[#This Row],[EV_GBP]]/EVM_Table[[#This Row],[AC_GBP]] -> 1.4694989 | J10: =EVM_Table[[#This Row],[EV_GBP]]/EVM_Table[[#This Row],[PV_GBP]] -> 0.91025641
A11: 2025-10 | B11: ='03_Progress'!B11*0.01 -> 0.87 | C11: ='03_Progress'!C11*0.01 -> 0.81 | D11: ='04_Project_Info'!$B$3*EVM_Table[[#This Row],[Planned_Progress_Pct]] -> 8265000 | E11: ='04_Project_Info'!$B$3*EVM_Table[[#This Row],[Actual_Progress_Pct]] -> 7695000 | F11: ='02B_Monthly_Summary'!C11 -> 5190000 | G11: =EVM_Table[[#This Row],[EV_GBP]]-EVM_Table[[#This Row],[AC_GBP]] -> 2505000 | H11: =EVM_Table[[#This Row],[EV_GBP]]-EVM_Table[[#This Row],[PV_GBP]] -> -570000 | I11: =EVM_Table[[#This Row],[EV_GBP]]/EVM_Table[[#This Row],[AC_GBP]] -> 1.482659 | J11: =EVM_Table[[#This Row],[EV_GBP]]/EVM_Table[[#This Row],[PV_GBP]] -> 0.93103448
A12: 2025-11 | B12: ='03_Progress'!B12*0.01 -> 0.95 | C12: ='03_Progress'!C12*0.01 -> 0.9 | D12: ='04_Project_Info'!$B$3*EVM_Table[[#This Row],[Planned_Progress_Pct]] -> 9025000 | E12: ='04_Project_Info'!$B$3*EVM_Table[[#This Row],[Actual_Progress_Pct]] -> 8550000 | F12: ='02B_Monthly_Summary'!C12 -> 5570000 | G12: =EVM_Table[[#This Row],[EV_GBP]]-EVM_Table[[#This Row],[AC_GBP]] -> 2980000 | H12: =EVM_Table[[#This Row],[EV_GBP]]-EVM_Table[[#This Row],[PV_GBP]] -> -475000 | I12: =EVM_Table[[#This Row],[EV_GBP]]/EVM_Table[[#This Row],[AC_GBP]] -> 1.535009 | J12: =EVM_Table[[#This Row],[EV_GBP]]/EVM_Table[[#This Row],[PV_GBP]] -> 0.94736842
A13: 2025-12 | B13: ='03_Progress'!B13*0.01 -> 1 | C13: ='03_Progress'!C13*0.01 -> 0.96 | D13: ='04_Project_Info'!$B$3*EVM_Table[[#This Row],[Planned_Progress_Pct]] -> 9500000 | E13: ='04_Project_Info'!$B$3*EVM_Table[[#This Row],[Actual_Progress_Pct]] -> 9120000 | F13: ='02B_Monthly_Summary'!C13 -> 5910000 | G13: =EVM_Table[[#This Row],[EV_GBP]]-EVM_Table[[#This Row],[AC_GBP]] -> 3210000 | H13: =EVM_Table[[#This Row],[EV_GBP]]-EVM_Table[[#This Row],[PV_GBP]] -> -380000 | I13: =EVM_Table[[#This Row],[EV_GBP]]/EVM_Table[[#This Row],[AC_GBP]] -> 1.5431472 | J13: =EVM_Table[[#This Row],[EV_GBP]]/EVM_Table[[#This Row],[PV_GBP]] -> 0.96
